{
  "train_losses": [
    0.018446408212184906,
    0.03682271018624306,
    0.019428914412856102,
    0.022593889385461807,
    0.0292439516633749,
    0.01902196928858757,
    0.03274216502904892,
    0.01060363370925188,
    0.022719575092196465,
    0.021781064569950104
  ],
  "val_losses": [
    3.21643328666687,
    0.02939845807850361,
    0.04062424972653389,
    0.05488661676645279,
    0.02733035944402218,
    0.029805460944771767,
    0.02736852876842022,
    0.030926475301384926,
    0.03520357981324196,
    0.024232691153883934,
    0.023507853969931602
  ],
  "model_name": "cnn_attention",
  "epochs": 10,
  "batch_size": 8,
  "timestamp": "2025-10-12T23:03:47.306204"
}