{
  "train_losses": [
    0.032066550105810165,
    0.012236308306455612,
    0.0372590497136116,
    0.023352395743131638,
    0.021503359079360962,
    0.014320114627480507,
    0.02235467918217182,
    0.03456982970237732,
    0.026537247002124786,
    0.0221384409815073
  ],
  "val_losses": [
    0.13024351000785828,
    0.027615005150437355,
    0.027634911239147186,
    0.026195108890533447,
    0.02845129370689392,
    0.02761664241552353,
    0.0291766244918108,
    0.027235334739089012,
    0.030715571716427803,
    0.027409372851252556,
    0.03186842054128647
  ],
  "model_name": "cnn_gru",
  "epochs": 10,
  "batch_size": 8,
  "timestamp": "2025-10-12T22:14:20.876778"
}